sample,function,source,Time,Time .1,Token number,tape number,clause I,clause f,clause m,Label,cluster,cluster_color,is_real
"The architect saw an intern focusing on aesthetics instead of functionality during design projects.Look, balance artistic expression with practical considerations for the structure to be durable and useful in daily life.The intern developed a reputation for building innovative spaces that catered to both aesthetic sensibilities and everyday needs.",DIR,,,,,,,,,L,1,tab10_color_1,False
"The architect saw an intern designing without taking into account environmental sustainability factors.Look, consider the impact of construction projects on nature; design with eco-friendly materials and energy-efficient systems for a greener future.The intern impressed everyone by delivering beautiful structures that harmonized with surrounding landscapes.",DIR,,,,,,,,,L,1,tab10_color_1,False
"The architect saw an intern designing without considering the impact on disabled individuals or the elderly.Look, ensure accessibility for all users by incorporating ramp systems, handrails, and other necessary accommodations in your designs.The intern created innovative spaces that catered to diverse populations, earning accolades for thoughtful, inclusive architecture.",DIR,,,,,,,,,L,1,tab10_color_1,False
"The architect saw an intern designing without considering energy efficiency or green building techniques. Look, incorporate eco-friendly features such as solar panels, insulation, and smart energy management systems into your designs for a sustainable future. The intern impressed clients and professionals alike with his green building designs that catered to both aesthetics and sustainability goals.",DIR,,,,,,,,,L,1,tab10_color_1,False
"The architect saw an intern designing without considering the potential impact on community or social contexts. Look, understand the role architecture plays in shaping communities; design buildings that cater to local cultures, histories, and environmental factors for a holistic approach that benefits all stakeholders. The intern impressed peers and experts alike with his culturally sensitive designs that harmonized seamlessly with their surroundings.",DIR,,,,,,,,,L,1,tab10_color_1,False
"The architect saw an intern designing without taking into account accessibility or inclusivity considerations for diverse users. Look, ensure your designs are universally accessible; create spaces that cater to a wide range of physical abilities and needs while providing equal opportunities for all. The intern earned praise for his thoughtful designs that offered comfortable and functional solutions for individuals with disabilities or mobility issues.",DIR,,,,,,,,,L,1,tab10_color_1,False
"The architect spotted the intern failing to measure correctly.Look, double-check the measurements before you design anything.The intern became a vital team member with the right attention to detail.",DIR,,,,,,,,,L,1,tab10_color_1,False
"The architect saw an intern designing without considering the environmental impact of construction materials or techniques used, potentially contributing to pollution and resource depletion.Look, advocate for sustainability by using eco-friendly materials and employing energy-efficient designs; be conscious of your impact on the environment and work towards a greener future in your architectural pursuits.The intern impressed clients and professionals alike with his sustainable designs that balanced aesthetics with environmental responsibility.",DIR,,,,,,,,,L,1,tab10_color_1,False
"The architect saw an intern designing without taking into account the socioeconomic impacts of their work, potentially contributing to issues like gentrification or housing disparities.Look, strive for social responsibility in your architectural pursuits by incorporating elements of accessibility, affordability, and community involvement; engage with stakeholders to ensure that your designs serve the broader public interest.The intern earned respect from clients, professionals, and advocates alike by creating buildings that addressed pressing societal needs and provided lasting benefits to diverse communities.",DIR,,,,,,,,,L,1,tab10_color_1,False
"The architect saw an intern designing without considering the impact of their work on local ecosystems or wildlife habitats, potentially contributing to habitat loss, pollution, or species extinction.Look, strive for sustainability by incorporating elements of environmental conservation and wildlife preservation into your designs; engage with ecologists, biologists, and other experts to ensure that your projects align with best practices for responsible development. The intern earned acclaim from clients, professionals, and advocates alike by creating buildings that prioritized harmony between human needs and natural habitats, promoting a more balanced and sustainable future for both species and structures.",DIR,,,,,,,,,L,1,tab10_color_1,False
"The architect noticed an intern using unprofessional tools for design.Look, prioritize advanced software to create sophisticated models.The intern's skills shined through as they crafted beautiful architectural visions.",DIR,,,,,,,,,L,1,tab10_color_1,False
"The architect saw an intern struggling with project organization.Look, organize your files and thoughts effectively for smooth progression.The intern was able to handle multiple projects concurrently with ease.",DIR,,,,,,,,,L,1,tab10_color_1,False
"The architect noticed an intern making hasty decisions without researching alternatives.Look, always explore different possibilities before deciding on a design element.The intern's designs impressed everyone with thoughtful consideration to every detail.",DIR,,,,,,,,,L,1,tab10_color_1,False
"The architect noticed an intern using outdated drafting techniques for creating blueprints.Look, stay current with the latest tools and practices to deliver cutting-edge designs efficiently. The intern impressed everyone by learning quickly and delivering quality designs on time.",DIR,,,,,,,,,L,1,tab10_color_1,False
"The architect saw an intern using outdated design techniques without exploring alternatives. Look, seek innovative solutions by experimenting with different ideas and incorporating fresh approaches to designs.The intern amazed everyone with a unique perspective on architecture and design possibilities.",DIR,,,,,,,,,L,1,tab10_color_1,False
